{
    "name": "root",
    "gauges": {
        "TankShooter.Policy.Entropy.mean": {
            "value": 2.0969910621643066,
            "min": 2.0969910621643066,
            "max": 2.098848342895508,
            "count": 2
        },
        "TankShooter.Policy.Entropy.sum": {
            "value": 104883.1015625,
            "min": 47337.42578125,
            "max": 104883.1015625,
            "count": 2
        },
        "TankShooter.Environment.EpisodeLength.mean": {
            "value": 64.77894736842106,
            "min": 64.77894736842106,
            "max": 68.89408099688474,
            "count": 2
        },
        "TankShooter.Environment.EpisodeLength.sum": {
            "value": 49232.0,
            "min": 22115.0,
            "max": 49232.0,
            "count": 2
        },
        "TankShooter.Step.mean": {
            "value": 249996.0,
            "min": 199999.0,
            "max": 249996.0,
            "count": 2
        },
        "TankShooter.Step.sum": {
            "value": 249996.0,
            "min": 199999.0,
            "max": 249996.0,
            "count": 2
        },
        "TankShooter.Policy.ExtrinsicValueEstimate.mean": {
            "value": 0.7309042811393738,
            "min": 0.717838704586029,
            "max": 0.7309042811393738,
            "count": 2
        },
        "TankShooter.Policy.ExtrinsicValueEstimate.sum": {
            "value": 555.4872436523438,
            "min": 229.70838928222656,
            "max": 555.4872436523438,
            "count": 2
        },
        "TankShooter.Policy.GailValueEstimate.mean": {
            "value": -9.968053200282156e-05,
            "min": -0.0004754738474730402,
            "max": -9.968053200282156e-05,
            "count": 2
        },
        "TankShooter.Policy.GailValueEstimate.sum": {
            "value": -0.07575720548629761,
            "min": -0.15215162932872772,
            "max": -0.07575720548629761,
            "count": 2
        },
        "TankShooter.Environment.CumulativeReward.mean": {
            "value": 1.0,
            "min": 1.0,
            "max": 1.0,
            "count": 2
        },
        "TankShooter.Environment.CumulativeReward.sum": {
            "value": 760.0,
            "min": 320.0,
            "max": 760.0,
            "count": 2
        },
        "TankShooter.Policy.ExtrinsicReward.mean": {
            "value": 1.0,
            "min": 1.0,
            "max": 1.0,
            "count": 2
        },
        "TankShooter.Policy.ExtrinsicReward.sum": {
            "value": 760.0,
            "min": 320.0,
            "max": 760.0,
            "count": 2
        },
        "TankShooter.Policy.GailReward.mean": {
            "value": 0.0,
            "min": 0.0,
            "max": 0.0,
            "count": 2
        },
        "TankShooter.Policy.GailReward.sum": {
            "value": 0.0,
            "min": 0.0,
            "max": 0.0,
            "count": 2
        },
        "TankShooter.Losses.PolicyLoss.mean": {
            "value": 0.023151357895403634,
            "min": 0.023151357895403634,
            "max": 0.023503723043055896,
            "count": 2
        },
        "TankShooter.Losses.PolicyLoss.sum": {
            "value": 0.11575678947701817,
            "min": 0.04700744608611179,
            "max": 0.11575678947701817,
            "count": 2
        },
        "TankShooter.Losses.ValueLoss.mean": {
            "value": 0.00026028208609204736,
            "min": 0.00026028208609204736,
            "max": 0.0004370930949031996,
            "count": 2
        },
        "TankShooter.Losses.ValueLoss.sum": {
            "value": 0.001301410430460237,
            "min": 0.0008741861898063992,
            "max": 0.001301410430460237,
            "count": 2
        },
        "TankShooter.Policy.LearningRate.mean": {
            "value": 2.511825162728001e-05,
            "min": 2.511825162728001e-05,
            "max": 6.83412772196e-05,
            "count": 2
        },
        "TankShooter.Policy.LearningRate.sum": {
            "value": 0.00012559125813640004,
            "min": 0.00012559125813640004,
            "max": 0.0001366825544392,
            "count": 2
        },
        "TankShooter.Policy.Epsilon.mean": {
            "value": 0.10837272,
            "min": 0.10837272,
            "max": 0.12278040000000004,
            "count": 2
        },
        "TankShooter.Policy.Epsilon.sum": {
            "value": 0.5418636,
            "min": 0.24556080000000008,
            "max": 0.5418636,
            "count": 2
        },
        "TankShooter.Policy.Beta.mean": {
            "value": 9.288992800000003e-05,
            "min": 9.288992800000003e-05,
            "max": 0.00023552596,
            "count": 2
        },
        "TankShooter.Policy.Beta.sum": {
            "value": 0.0004644496400000001,
            "min": 0.0004644496400000001,
            "max": 0.00047105192,
            "count": 2
        },
        "TankShooter.Policy.GAILPolicyEstimate.mean": {
            "value": 0.495971711675326,
            "min": 0.495971711675326,
            "max": 0.4967971995472908,
            "count": 2
        },
        "TankShooter.Policy.GAILPolicyEstimate.sum": {
            "value": 2.47985855837663,
            "min": 0.9935943990945816,
            "max": 2.47985855837663,
            "count": 2
        },
        "TankShooter.Policy.GAILExpertEstimate.mean": {
            "value": 0.5043787674109141,
            "min": 0.5032028287649155,
            "max": 0.5043787674109141,
            "count": 2
        },
        "TankShooter.Policy.GAILExpertEstimate.sum": {
            "value": 2.521893837054571,
            "min": 1.006405657529831,
            "max": 2.521893837054571,
            "count": 2
        },
        "TankShooter.Losses.GAILLoss.mean": {
            "value": 1.3754789360364277,
            "min": 1.3754789360364277,
            "max": 1.379472484191259,
            "count": 2
        },
        "TankShooter.Losses.GAILLoss.sum": {
            "value": 6.877394680182139,
            "min": 2.758944968382518,
            "max": 6.877394680182139,
            "count": 2
        },
        "TankShooter.Policy.GAILGradMagLoss.mean": {
            "value": 9.99651791304738e-05,
            "min": 9.99651791304738e-05,
            "max": 0.00041619853921777883,
            "count": 2
        },
        "TankShooter.Policy.GAILGradMagLoss.sum": {
            "value": 0.000499825895652369,
            "min": 0.000499825895652369,
            "max": 0.0008323970784355577,
            "count": 2
        },
        "TankShooter.Losses.PretrainingLoss.mean": {
            "value": 0.0,
            "min": 0.0,
            "max": 0.0,
            "count": 2
        },
        "TankShooter.Losses.PretrainingLoss.sum": {
            "value": 0.0,
            "min": 0.0,
            "max": 0.0,
            "count": 2
        },
        "TankShooter.IsTraining.mean": {
            "value": 1.0,
            "min": 1.0,
            "max": 1.0,
            "count": 2
        },
        "TankShooter.IsTraining.sum": {
            "value": 1.0,
            "min": 1.0,
            "max": 1.0,
            "count": 2
        }
    },
    "metadata": {
        "timer_format_version": "0.1.0",
        "start_time_seconds": "1714067881",
        "python_version": "3.9.19 (main, Mar 21 2024, 17:21:27) [MSC v.1916 64 bit (AMD64)]",
        "command_line_arguments": "\\\\?\\D:\\App\\Anaconda\\envs\\mlagents20\\Scripts\\mlagents-learn config\\TankShooter.yaml --run-id=1_TankMoveSimple --resume",
        "mlagents_version": "0.30.0",
        "mlagents_envs_version": "0.30.0",
        "communication_protocol_version": "1.5.0",
        "pytorch_version": "2.2.2+cu121",
        "numpy_version": "1.21.2",
        "end_time_seconds": "1714068557"
    },
    "total": 676.5339854,
    "count": 1,
    "self": 0.01752339999995911,
    "children": {
        "run_training.setup": {
            "total": 0.17466530000000002,