{
    "name": "root",
    "gauges": {
        "TankShooter.Policy.Entropy.mean": {
            "value": 2.012791156768799,
            "min": 2.012791156768799,
            "max": 2.087221384048462,
            "count": 20
        },
        "TankShooter.Policy.Entropy.sum": {
            "value": 100599.3046875,
            "min": 100591.25,
            "max": 109190.8984375,
            "count": 20
        },
        "TankShooter.Environment.EpisodeLength.mean": {
            "value": 114.93503480278422,
            "min": 108.22052401746726,
            "max": 416.53333333333336,
            "count": 20
        },
        "TankShooter.Environment.EpisodeLength.sum": {
            "value": 49537.0,
            "min": 49220.0,
            "max": 50045.0,
            "count": 20
        },
        "TankShooter.Step.mean": {
            "value": 999918.0,
            "min": 49754.0,
            "max": 999918.0,
            "count": 20
        },
        "TankShooter.Step.sum": {
            "value": 999918.0,
            "min": 49754.0,
            "max": 999918.0,
            "count": 20
        },
        "TankShooter.Policy.ExtrinsicValueEstimate.mean": {
            "value": 0.5966296195983887,
            "min": -0.10625626146793365,
            "max": 0.60608971118927,
            "count": 20
        },
        "TankShooter.Policy.ExtrinsicValueEstimate.sum": {
            "value": 257.1473693847656,
            "min": -19.01987075805664,
            "max": 277.5890808105469,
            "count": 20
        },
        "TankShooter.Policy.GailValueEstimate.mean": {
            "value": -0.00038872542791068554,
            "min": -0.004406035412102938,
            "max": 0.0815039575099945,
            "count": 20
        },
        "TankShooter.Policy.GailValueEstimate.sum": {
            "value": -0.16754065454006195,
            "min": -0.7093716859817505,
            "max": 14.589208602905273,
            "count": 20
        },
        "TankShooter.Environment.CumulativeReward.mean": {
            "value": 0.9976798143851509,
            "min": -0.5181452808225288,
            "max": 1.0,
            "count": 20
        },
        "TankShooter.Environment.CumulativeReward.sum": {
            "value": 430.0,
            "min": -92.74800526723266,
            "max": 457.96399998664856,
            "count": 20
        },
        "TankShooter.Policy.ExtrinsicReward.mean": {
            "value": 0.9976798143851509,
            "min": -0.5181452808225288,
            "max": 1.0,
            "count": 20
        },
        "TankShooter.Policy.ExtrinsicReward.sum": {
            "value": 430.0,
            "min": -92.74800526723266,
            "max": 457.96399998664856,
            "count": 20
        },
        "TankShooter.Policy.GailReward.mean": {
            "value": 0.0,
            "min": 0.0,
            "max": 0.0,
            "count": 20
        },
        "TankShooter.Policy.GailReward.sum": {
            "value": 0.0,
            "min": 0.0,
            "max": 0.0,
            "count": 20
        },
        "TankShooter.Losses.PolicyLoss.mean": {
            "value": 0.023394477616820952,
            "min": 0.021513674710974255,
            "max": 0.027576011563845287,
            "count": 20
        },
        "TankShooter.Losses.PolicyLoss.sum": {
            "value": 0.11697238808410476,
            "min": 0.08795092172222213,
            "max": 0.12390229705197271,
            "count": 20
        },
        "TankShooter.Losses.ValueLoss.mean": {
            "value": 0.002386027672328055,
            "min": 0.0014929286138309788,
            "max": 0.11313493051566184,
            "count": 20
        },
        "TankShooter.Losses.ValueLoss.sum": {
            "value": 0.011930138361640275,
            "min": 0.007464643069154894,
            "max": 0.45253972206264736,
            "count": 20
        },
        "TankShooter.Policy.LearningRate.mean": {
            "value": 7.79931740026e-06,
            "min": 7.79931740026e-06,
            "max": 0.000292193777602075,
            "count": 20
        },
        "TankShooter.Policy.LearningRate.sum": {
            "value": 3.89965870013e-05,
            "min": 3.89965870013e-05,
            "max": 0.0013892859369047,
            "count": 20
        },
        "TankShooter.Policy.Epsilon.mean": {
            "value": 0.10259974000000001,
            "min": 0.10259974000000001,
            "max": 0.197397925,
            "count": 20
        },
        "TankShooter.Policy.Epsilon.sum": {
            "value": 0.5129987,
            "min": 0.47008280000000013,
            "max": 0.9630953,
            "count": 20
        },
        "TankShooter.Policy.Beta.mean": {
            "value": 3.573742599999999e-05,
            "min": 3.573742599999999e-05,
            "max": 0.0009742394575000001,
            "count": 20
        },
        "TankShooter.Policy.Beta.sum": {
            "value": 0.00017868712999999996,
            "min": 0.00017868712999999996,
            "max": 0.00463464347,
            "count": 20
        },
        "TankShooter.Policy.GAILPolicyEstimate.mean": {
            "value": 0.12661729693412782,
            "min": 0.12661729693412782,
            "max": 0.344938154766957,
            "count": 20
        },
        "TankShooter.Policy.GAILPolicyEstimate.sum": {
            "value": 0.6330864846706391,
            "min": 0.5710213616490364,
            "max": 1.4895510375499725,
            "count": 20
        },
        "TankShooter.Policy.GAILExpertEstimate.mean": {
            "value": 0.9054161107540131,
            "min": 0.6411386877298355,
            "max": 0.9054161107540131,
            "count": 20
        },
        "TankShooter.Policy.GAILExpertEstimate.sum": {
            "value": 4.527080553770065,
            "min": 2.564554750919342,
            "max": 4.527080553770065,
            "count": 20
        },
        "TankShooter.Losses.GAILLoss.mean": {
            "value": 0.24572476824124653,
            "min": 0.24572476824124653,
            "max": 0.9332968314488729,
            "count": 20
        },
        "TankShooter.Losses.GAILLoss.sum": {
            "value": 1.2286238412062327,
            "min": 1.1227845817804338,
            "max": 3.7342961192131043,
            "count": 20
        },
        "TankShooter.Policy.GAILGradMagLoss.mean": {
            "value": 0.06254065506160258,
            "min": 0.06253089196979998,
            "max": 0.10402482718229296,
            "count": 20
        },
        "TankShooter.Policy.GAILGradMagLoss.sum": {
            "value": 0.31270327530801295,
            "min": 0.26798388225336867,
            "max": 0.5201241359114648,
            "count": 20
        },
        "TankShooter.Losses.PretrainingLoss.mean": {
            "value": 0.0,
            "min": 0.0,
            "max": 0.0,
            "count": 20
        },
        "TankShooter.Losses.PretrainingLoss.sum": {
            "value": 0.0,
            "min": 0.0,
            "max": 0.0,
            "count": 20
        },
        "TankShooter.IsTraining.mean": {
            "value": 1.0,
            "min": 1.0,
            "max": 1.0,
            "count": 20
        },
        "TankShooter.IsTraining.sum": {
            "value": 1.0,
            "min": 1.0,
            "max": 1.0,
            "count": 20
        }
    },
    "metadata": {
        "timer_format_version": "0.1.0",
        "start_time_seconds": "1714294223",
        "python_version": "3.9.19 (main, Mar 21 2024, 17:21:27) [MSC v.1916 64 bit (AMD64)]",
        "command_line_arguments": "\\\\?\\D:\\App\\Anaconda\\envs\\mlagents20\\Scripts\\mlagents-learn config\\TankShooter.yaml --initialize-from=1_TankMoveSimple --run-id=2_1_TankMoveUp",
        "mlagents_version": "0.30.0",
        "mlagents_envs_version": "0.30.0",
        "communication_protocol_version": "1.5.0",
        "pytorch_version": "2.2.2+cu121",
        "numpy_version": "1.21.2",
        "end_time_seconds": "1714300869"
    },