{
    "name": "root",
    "gauges": {
        "TankShooter.Policy.Entropy.mean": {
            "value": 1.3040218353271484,
            "min": 1.3023569583892822,
            "max": 1.312934160232544,
            "count": 10
        },
        "TankShooter.Policy.Entropy.sum": {
            "value": 65305.4140625,
            "min": 64778.87109375,
            "max": 66450.2265625,
            "count": 10
        },
        "TankShooter.Environment.EpisodeLength.mean": {
            "value": 151.47560975609755,
            "min": 140.61473087818698,
            "max": 176.14134275618375,
            "count": 10
        },
        "TankShooter.Environment.EpisodeLength.sum": {
            "value": 49684.0,
            "min": 49366.0,
            "max": 50151.0,
            "count": 10
        },
        "TankShooter.Step.mean": {
            "value": 1499941.0,
            "min": 1049780.0,
            "max": 1499941.0,
            "count": 10
        },
        "TankShooter.Step.sum": {
            "value": 1499941.0,
            "min": 1049780.0,
            "max": 1499941.0,
            "count": 10
        },
        "TankShooter.Policy.ExtrinsicValueEstimate.mean": {
            "value": 0.3903326690196991,
            "min": 0.3381892740726471,
            "max": 0.4040047228336334,
            "count": 10
        },
        "TankShooter.Policy.ExtrinsicValueEstimate.sum": {
            "value": 128.02911376953125,
            "min": 98.75126647949219,
            "max": 138.02987670898438,
            "count": 10
        },
        "TankShooter.Policy.GailValueEstimate.mean": {
            "value": 0.0003327544254716486,
            "min": -0.00015908625209704041,
            "max": 0.0010829081293195486,
            "count": 10
        },
        "TankShooter.Policy.GailValueEstimate.sum": {
            "value": 0.1091434508562088,
            "min": -0.050271254032850266,
            "max": 0.3248724341392517,
            "count": 10
        },
        "TankShooter.Environment.CumulativeReward.mean": {
            "value": 0.9177171871429537,
            "min": 0.884200287184545,
            "max": 0.9203586333112068,
            "count": 10
        },
        "TankShooter.Environment.CumulativeReward.sum": {
            "value": 301.0112373828888,
            "min": 259.13874754309654,
            "max": 324.886597558856,
            "count": 10
        },
        "TankShooter.Policy.ExtrinsicReward.mean": {
            "value": 0.9177171871429537,
            "min": 0.884200287184545,
            "max": 0.9203586333112068,
            "count": 10
        },
        "TankShooter.Policy.ExtrinsicReward.sum": {
            "value": 301.0112373828888,
            "min": 259.13874754309654,
            "max": 324.886597558856,
            "count": 10
        },
        "TankShooter.Policy.GailReward.mean": {
            "value": 0.0,
            "min": 0.0,
            "max": 0.0,
            "count": 10
        },
        "TankShooter.Policy.GailReward.sum": {
            "value": 0.0,
            "min": 0.0,
            "max": 0.0,
            "count": 10
        },
        "TankShooter.Losses.PolicyLoss.mean": {
            "value": 0.020490543463408055,
            "min": 0.020490543463408055,
            "max": 0.026578109630451464,
            "count": 10
        },
        "TankShooter.Losses.PolicyLoss.sum": {
            "value": 0.08196217385363222,
            "min": 0.08196217385363222,
            "max": 0.13289054815225732,
            "count": 10
        },
        "TankShooter.Losses.ValueLoss.mean": {
            "value": 0.026762167923152447,
            "min": 0.026096902390321093,
            "max": 0.029436511872336268,
            "count": 10
        },
        "TankShooter.Losses.ValueLoss.sum": {
            "value": 0.10704867169260979,
            "min": 0.10704867169260979,
            "max": 0.1434532384077708,
            "count": 10
        },
        "TankShooter.Policy.LearningRate.mean": {
            "value": 4.9706483431500045e-06,
            "min": 4.9706483431500045e-06,
            "max": 9.473406842200002e-05,
            "count": 10
        },
        "TankShooter.Policy.LearningRate.sum": {
            "value": 1.9882593372600018e-05,
            "min": 1.9882593372600018e-05,
            "max": 0.0004269371576877333,
            "count": 10
        },
        "TankShooter.Policy.Epsilon.mean": {
            "value": 0.10165684999999998,
            "min": 0.10165684999999998,
            "max": 0.13157800000000003,
            "count": 10
        },
        "TankShooter.Policy.Epsilon.sum": {
            "value": 0.4066273999999999,
            "min": 0.4066273999999999,
            "max": 0.6423122666666666,
            "count": 10
        },
        "TankShooter.Policy.Beta.mean": {
            "value": 2.640281500000002e-05,
            "min": 2.640281500000002e-05,
            "max": 0.00032262219999999996,
            "count": 10
        },
        "TankShooter.Policy.Beta.sum": {
            "value": 0.00010561126000000007,
            "min": 0.00010561126000000007,
            "max": 0.00145889144,
            "count": 10
        },
        "TankShooter.Policy.GAILPolicyEstimate.mean": {
            "value": 0.003839139343472198,
            "min": 0.003839139343472198,
            "max": 0.00527040225143234,
            "count": 10
        },
        "TankShooter.Policy.GAILPolicyEstimate.sum": {
            "value": 0.015356557373888791,
            "min": 0.015356557373888791,
            "max": 0.0263520112571617,
            "count": 10
        },
        "TankShooter.Policy.GAILExpertEstimate.mean": {
            "value": 0.9995161657532056,
            "min": 0.9990780770778656,
            "max": 0.9995161657532056,
            "count": 10
        },
        "TankShooter.Policy.GAILExpertEstimate.sum": {
            "value": 3.9980646630128223,
            "min": 3.996325073639552,
            "max": 4.997418175141017,
            "count": 10
        },
        "TankShooter.Losses.GAILLoss.mean": {
            "value": 0.00439640434536462,
            "min": 0.00439640434536462,
            "max": 0.006254748022183777,
            "count": 10
        },
        "TankShooter.Losses.GAILLoss.sum": {
            "value": 0.01758561738145848,
            "min": 0.01758561738145848,
            "max": 0.031198473329034943,
            "count": 10
        },
        "TankShooter.Policy.GAILGradMagLoss.mean": {
            "value": 0.00468192327049716,
            "min": 0.00468192327049716,
            "max": 0.0065503547569581615,
            "count": 10
        },
        "TankShooter.Policy.GAILGradMagLoss.sum": {
            "value": 0.01872769308198864,
            "min": 0.01872769308198864,
            "max": 0.03010677034035325,
            "count": 10
        },
        "TankShooter.Losses.PretrainingLoss.mean": {
            "value": 0.0,
            "min": 0.0,
            "max": 0.0,
            "count": 10
        },
        "TankShooter.Losses.PretrainingLoss.sum": {
            "value": 0.0,
            "min": 0.0,
            "max": 0.0,
            "count": 10
        },
        "TankShooter.IsTraining.mean": {
            "value": 1.0,
            "min": 1.0,
            "max": 1.0,
            "count": 10
        },
        "TankShooter.IsTraining.sum": {
            "value": 1.0,
            "min": 1.0,
            "max": 1.0,
            "count": 10
        }
    },
    "metadata": {
        "timer_format_version": "0.1.0",
        "start_time_seconds": "1714498218",
        "python_version": "3.9.19 (main, Mar 21 2024, 17:21:27) [MSC v.1916 64 bit (AMD64)]",
        "command_line_arguments": "\\\\?\\D:\\App\\Anaconda\\envs\\mlagents20\\Scripts\\mlagents-learn config\\TankShooter.yaml --initialize-from=5_TankShootTarget --run-id=6_TankShootMovingTarget --resume",
        "mlagents_version": "0.30.0",
        "mlagents_envs_version": "0.30.0",